iteration,x,error
0,3.5,10.25
1,2.0357142857142856,2.1441326530612237
2,1.5090852130325816,0.27733818019359235
3,1.4171957101077377,0.008443680747774795
